review_no,validated_as_substantive,date,Krankenkasse,sender,recipient,request_type,exact_issue_described,amount_if_stated,requested_Ratenzahlung_Stundung,response,accepted_rejected_pending,later_payment_evidence,source_file,source_page,source_snippet,confidence
1,NO,2024-09-19,AOK,,,Not a health-insurance resolution action,Unrelated operating invoice/refund text.,99.00,NO,,NOT_APPLICABLE,,00_INBOX - Входящи - Eingang/Accounting/CarlundCarla_RG424005157.pdf,,"hte Zusatzkilometer 19% 0,20 € 10,00 € -50 zuviel gebuchte Kilometer 19% 0,20 € -10,00 € Gesamtbetrag 89,00 € enthaltene USt. 19% 14,21 € Nettobetrag 74,79 € Abschlagsbetrag gezahlt am 19.09.2024 -99,00 € Forderungsbetrag -10,00 € Der Restbetrag wird innerhalb der nächsten 7 Tage erstattet. Bei Fragen zu deinen Rechnungen wendest du dich einfach via E-Mail an rechnung@carlundcarla.de. Freundliche Grüße CarlundCarla.d",HIGH
2,NO,2024-09-19,AOK,,,Not a health-insurance resolution action,Unrelated operating invoice/refund text.,99.00,NO,,NOT_APPLICABLE,,00_INBOX - Входящи - Eingang/Accounting_Organized/08_Operating_Costs/CarlundCarla_RG424005157__copy2.pdf,,"hte Zusatzkilometer 19% 0,20 € 10,00 € -50 zuviel gebuchte Kilometer 19% 0,20 € -10,00 € Gesamtbetrag 89,00 € enthaltene USt. 19% 14,21 € Nettobetrag 74,79 € Abschlagsbetrag gezahlt am 19.09.2024 -99,00 € Forderungsbetrag -10,00 € Der Restbetrag wird innerhalb der nächsten 7 Tage erstattet. Bei Fragen zu deinen Rechnungen wendest du dich einfach via E-Mail an rechnung@carlundcarla.de. Freundliche Grüße CarlundCarla.d",HIGH
3,NO,2024-09-19,AOK,,,Not a health-insurance resolution action,Unrelated operating invoice/refund text.,99.00,NO,,NOT_APPLICABLE,,00_INBOX - Входящи - Eingang/Accounting_Organized/08_Operating_Costs/CarlundCarla_RG424005157__copy3.pdf,,"hte Zusatzkilometer 19% 0,20 € 10,00 € -50 zuviel gebuchte Kilometer 19% 0,20 € -10,00 € Gesamtbetrag 89,00 € enthaltene USt. 19% 14,21 € Nettobetrag 74,79 € Abschlagsbetrag gezahlt am 19.09.2024 -99,00 € Forderungsbetrag -10,00 € Der Restbetrag wird innerhalb der nächsten 7 Tage erstattet. Bei Fragen zu deinen Rechnungen wendest du dich einfach via E-Mail an rechnung@carlundcarla.de. Freundliche Grüße CarlundCarla.d",HIGH
4,NO,2025-01-20,BARMER,Marilie Brunettin <marilie@brunettin.de>,service@barmer.de,Antrag auf Ratenzahlung,"Forderung 4,052.18 EUR; debtor not able to pay total amount at once.","4,052.18 EUR; four monthly rates of 1,013.05 EUR",Ratenzahlung in four monthly installments beginning 2025-02-03,,PENDING / no response in this source,,"00_INBOX - Входящи - Eingang/Accounting/89878877, Antrag auf Ratenzahlung.eml",,"Date: Mon, 20 Jan 2025 08:34:26 +0000 From: ""Brunettin, Marilie"" <marilie@brunettin.de> To: ""'service@barmer.de'"" <service@barmer.de> Subject: 89878877, Antrag auf Ratenzahlung Sehr geehrte Damen und Herren, im Auftrag unseres Mandanten, Martin Zahariev, stellen wir einen Antrag auf Ratenzahlung für die Forderung in Höhe von 4.052,18 €. Er ist gerade nicht in der Lage, den Gesamtbetrag auf einmal zu begleichen. Wir m",HIGH
5,NO,2025-01-20,BARMER,Marilie Brunettin <marilie@brunettin.de>,service@barmer.de,Antrag auf Ratenzahlung,"Forderung 4,052.18 EUR; debtor not able to pay total amount at once.","4,052.18 EUR; four monthly rates of 1,013.05 EUR",Ratenzahlung in four monthly installments beginning 2025-02-03,,PENDING / no response in this source,,"00_INBOX - Входящи - Eingang/Accounting_Organized/01_Accountant_Emails/89878877, Antrag auf Ratenzahlung__copy2.eml",,"Date: Mon, 20 Jan 2025 08:34:26 +0000 From: ""Brunettin, Marilie"" <marilie@brunettin.de> To: ""'service@barmer.de'"" <service@barmer.de> Subject: 89878877, Antrag auf Ratenzahlung Sehr geehrte Damen und Herren, im Auftrag unseres Mandanten, Martin Zahariev, stellen wir einen Antrag auf Ratenzahlung für die Forderung in Höhe von 4.052,18 €. Er ist gerade nicht in der Lage, den Gesamtbetrag auf einmal zu begleichen. Wir m",HIGH
6,NO,2025-01-20,BARMER,Marilie Brunettin <marilie@brunettin.de>,service@barmer.de,Antrag auf Ratenzahlung,"Forderung 4,052.18 EUR; debtor not able to pay total amount at once.","4,052.18 EUR; four monthly rates of 1,013.05 EUR",Ratenzahlung in four monthly installments beginning 2025-02-03,,PENDING / no response in this source,,"00_INBOX - Входящи - Eingang/Accounting_Organized/01_Accountant_Emails/89878877, Antrag auf Ratenzahlung__copy3.eml",,"Date: Mon, 20 Jan 2025 08:34:26 +0000 From: ""Brunettin, Marilie"" <marilie@brunettin.de> To: ""'service@barmer.de'"" <service@barmer.de> Subject: 89878877, Antrag auf Ratenzahlung Sehr geehrte Damen und Herren, im Auftrag unseres Mandanten, Martin Zahariev, stellen wir einen Antrag auf Ratenzahlung für die Forderung in Höhe von 4.052,18 €. Er ist gerade nicht in der Lage, den Gesamtbetrag auf einmal zu begleichen. Wir m",HIGH
7,YES,2025-01-20,BARMER,Marilie Brunettin <marilie@brunettin.de>,service@barmer.de,Antrag auf Ratenzahlung,"Forderung 4,052.18 EUR; debtor not able to pay total amount at once.","4,052.18 EUR; four monthly rates of 1,013.05 EUR",Ratenzahlung in four monthly installments beginning 2025-02-03,,PENDING / no response in this source,,"00_INBOX - Входящи - Eingang/Accounting/89878877, Antrag auf Ratenzahlung.eml",,"Date: Mon, 20 Jan 2025 08:34:26 +0000 From: ""Brunettin, Marilie"" <marilie@brunettin.de> To: ""'service@barmer.de'"" <service@barmer.de> Subject: 89878877, Antrag auf Ratenzahlung Sehr geehrte Damen und Herren, im Auftrag unseres Mandanten, Martin Zahariev, stellen wir einen Antrag auf Ratenzahlung für die Forderung in Höhe von 4.052,18 €. Er ist gerade nicht in der Lage, den Gesamtbetrag auf einmal zu begleichen. Wir m",HIGH
8,NO,2025-01-20,BARMER,Marilie Brunettin <marilie@brunettin.de>,service@barmer.de,Antrag auf Ratenzahlung,"Forderung 4,052.18 EUR; debtor not able to pay total amount at once.","4,052.18 EUR; four monthly rates of 1,013.05 EUR",Ratenzahlung in four monthly installments beginning 2025-02-03,,PENDING / no response in this source,,"00_INBOX - Входящи - Eingang/Accounting_Organized/01_Accountant_Emails/89878877, Antrag auf Ratenzahlung__copy2.eml",,"Date: Mon, 20 Jan 2025 08:34:26 +0000 From: ""Brunettin, Marilie"" <marilie@brunettin.de> To: ""'service@barmer.de'"" <service@barmer.de> Subject: 89878877, Antrag auf Ratenzahlung Sehr geehrte Damen und Herren, im Auftrag unseres Mandanten, Martin Zahariev, stellen wir einen Antrag auf Ratenzahlung für die Forderung in Höhe von 4.052,18 €. Er ist gerade nicht in der Lage, den Gesamtbetrag auf einmal zu begleichen. Wir m",HIGH
9,NO,2025-01-20,BARMER,Marilie Brunettin <marilie@brunettin.de>,service@barmer.de,Antrag auf Ratenzahlung,"Forderung 4,052.18 EUR; debtor not able to pay total amount at once.","4,052.18 EUR; four monthly rates of 1,013.05 EUR",Ratenzahlung in four monthly installments beginning 2025-02-03,,PENDING / no response in this source,,"00_INBOX - Входящи - Eingang/Accounting_Organized/01_Accountant_Emails/89878877, Antrag auf Ratenzahlung__copy3.eml",,"Date: Mon, 20 Jan 2025 08:34:26 +0000 From: ""Brunettin, Marilie"" <marilie@brunettin.de> To: ""'service@barmer.de'"" <service@barmer.de> Subject: 89878877, Antrag auf Ratenzahlung Sehr geehrte Damen und Herren, im Auftrag unseres Mandanten, Martin Zahariev, stellen wir einen Antrag auf Ratenzahlung für die Forderung in Höhe von 4.052,18 €. Er ist gerade nicht in der Lage, den Gesamtbetrag auf einmal zu begleichen. Wir m",HIGH
