package_item_no,tier,date,filename,document_type,Krankenkasse,fact_established,why_directly_relevant_to_police_request,source_path,duplicate_status,evidence_signature,confidence
1,TIER_1_INITIAL_POLICE_PACKAGE,,Entgeltbescheinigungen 06-2024.pdf,CONTRIBUTION_DUE_OR_NOTIFICATION,AOK Hessen,CONTRIBUTION_DUE_OR_NOTIFICATION,Material source row for requested police evidence category.,00_INBOX - Входящи - Eingang/Accounting/2024/Entgeltbescheinigungen 06-2024.pdf,UNIQUE,entgeltbescheinigungen 06-2024.pdf,MEDIUM
2,TIER_2_SUPPORTING,,Entgeltbescheinigungen 07-2024.pdf,CONTRIBUTION_DUE_OR_NOTIFICATION,AOK Bayern,CONTRIBUTION_DUE_OR_NOTIFICATION,Material source row for requested police evidence category.,00_INBOX - Входящи - Eingang/Accounting/2024/Entgeltbescheinigungen 07-2024.pdf,UNIQUE,entgeltbescheinigungen 07-2024.pdf,MEDIUM
3,TIER_2_SUPPORTING,,Entgeltbescheinigungen 08-2024.pdf,CONTRIBUTION_DUE_OR_NOTIFICATION,AOK Bayern,CONTRIBUTION_DUE_OR_NOTIFICATION,Material source row for requested police evidence category.,00_INBOX - Входящи - Eingang/Accounting/2024/Entgeltbescheinigungen 08-2024.pdf,UNIQUE,entgeltbescheinigungen 08-2024.pdf,MEDIUM
4,TIER_1_INITIAL_POLICE_PACKAGE,,Entgeltbescheinigungen 09-2024.pdf,CONTRIBUTION_DUE_OR_NOTIFICATION,AOK Bayern,CONTRIBUTION_DUE_OR_NOTIFICATION,Material source row for requested police evidence category.,00_INBOX - Входящи - Eingang/Accounting/2024/Entgeltbescheinigungen 09-2024.pdf,UNIQUE,entgeltbescheinigungen 09-2024.pdf,MEDIUM
5,TIER_1_INITIAL_POLICE_PACKAGE,,Remaining health insurances for 09_2024 und 10_2024.eml,ACCOUNTANT_COMMUNICATION,AOK Hessen,ACCOUNTANT_COMMUNICATION,Material source row for requested police evidence category.,00_INBOX - Входящи - Eingang/Accounting/Remaining health insurances for 09_2024 und 10_2024.eml,UNIQUE,remaining health insurances for 09_2024 und 10_2024.eml,HIGH
6,TIER_3_AVAILABLE_ON_REQUEST,,Remaining health insurances for 09_2024 und 10_2024.eml,ACCOUNTANT_COMMUNICATION,AOK Hessen,ACCOUNTANT_COMMUNICATION,Material source row for requested police evidence category.,00_INBOX - Входящи - Eingang/Accounting_Organized/04_Health_Insurance/Remaining health insurances for 09_2024 und 10_2024.eml,DUPLICATE_OR_COPY,remaining health insurances for 09_2024 und 10_2024.eml,HIGH
7,TIER_3_AVAILABLE_ON_REQUEST,,Remaining health insurances for 09_2024 und 10_2024__copy2.eml,ACCOUNTANT_COMMUNICATION,AOK Hessen,ACCOUNTANT_COMMUNICATION,Material source row for requested police evidence category.,00_INBOX - Входящи - Eingang/Accounting_Organized/04_Health_Insurance/Remaining health insurances for 09_2024 und 10_2024__copy2.eml,DUPLICATE_OR_COPY,remaining health insurances for 09_2024 und 10_2024.eml,HIGH
8,TIER_3_AVAILABLE_ON_REQUEST,,Remaining health insurances for 09_2024 und 10_2024__copy3.eml,ACCOUNTANT_COMMUNICATION,AOK Hessen,ACCOUNTANT_COMMUNICATION,Material source row for requested police evidence category.,00_INBOX - Входящи - Eingang/Accounting_Organized/04_Health_Insurance/Remaining health insurances for 09_2024 und 10_2024__copy3.eml,DUPLICATE_OR_COPY,remaining health insurances for 09_2024 und 10_2024.eml,HIGH
9,TIER_1_INITIAL_POLICE_PACKAGE,,Entgeltbescheinigungen 10-2024.pdf,CONTRIBUTION_DUE_OR_NOTIFICATION,AOK Hessen,CONTRIBUTION_DUE_OR_NOTIFICATION,Material source row for requested police evidence category.,00_INBOX - Входящи - Eingang/Accounting/2024/Entgeltbescheinigungen 10-2024.pdf,UNIQUE,entgeltbescheinigungen 10-2024.pdf,MEDIUM
10,TIER_1_INITIAL_POLICE_PACKAGE,,Entgeltbescheinigungen 11-2024.pdf,CONTRIBUTION_DUE_OR_NOTIFICATION,AOK Hessen,CONTRIBUTION_DUE_OR_NOTIFICATION,Material source row for requested police evidence category.,00_INBOX - Входящи - Eingang/Accounting/2024/Entgeltbescheinigungen 11-2024.pdf,UNIQUE,entgeltbescheinigungen 11-2024.pdf,MEDIUM
11,TIER_1_INITIAL_POLICE_PACKAGE,,Entgeltbescheinigungen 12-2024.pdf,CONTRIBUTION_DUE_OR_NOTIFICATION,AOK Hessen,CONTRIBUTION_DUE_OR_NOTIFICATION,Material source row for requested police evidence category.,00_INBOX - Входящи - Eingang/Accounting/2024/Entgeltbescheinigungen 12-2024.pdf,UNIQUE,entgeltbescheinigungen 12-2024.pdf,MEDIUM
12,TIER_1_INITIAL_POLICE_PACKAGE,,Entgeltbescheinigungen 01-2025.pdf,CONTRIBUTION_DUE_OR_NOTIFICATION,AOK Hessen,CONTRIBUTION_DUE_OR_NOTIFICATION,Material source row for requested police evidence category.,00_INBOX - Входящи - Eingang/Accounting/2025/Entgeltbescheinigungen 01-2025.pdf,UNIQUE,entgeltbescheinigungen 01-2025.pdf,MEDIUM
13,TIER_2_SUPPORTING,2025-01-15,Cash-Payment.pdf,PAYMENT_EVIDENCE_OR_PAYMENT_LIST,AOK,PAYMENT_EVIDENCE_OR_PAYMENT_LIST,Material source row for requested police evidence category.,00_INBOX - Входящи - Eingang/Accounting/ihrelohnauswertungendezember2024/Cash-Payment.pdf,UNIQUE,cash-payment.pdf,HIGH
14,TIER_3_AVAILABLE_ON_REQUEST,2025-01-15,Cash-Payment.pdf,PAYMENT_EVIDENCE_OR_PAYMENT_LIST,AOK,PAYMENT_EVIDENCE_OR_PAYMENT_LIST,Material source row for requested police evidence category.,00_INBOX - Входящи - Eingang/Accounting_Organized/02_Payroll/Cash-Payment.pdf,DUPLICATE_OR_COPY,cash-payment.pdf,HIGH
15,TIER_3_AVAILABLE_ON_REQUEST,2025-01-15,Cash-Payment__copy2.pdf,PAYMENT_EVIDENCE_OR_PAYMENT_LIST,AOK,PAYMENT_EVIDENCE_OR_PAYMENT_LIST,Material source row for requested police evidence category.,00_INBOX - Входящи - Eingang/Accounting_Organized/02_Payroll/Cash-Payment__copy2.pdf,DUPLICATE_OR_COPY,cash-payment.pdf,HIGH
16,TIER_3_AVAILABLE_ON_REQUEST,2025-01-15,Cash-Payment.pdf,PAYMENT_EVIDENCE_OR_PAYMENT_LIST,AOK,PAYMENT_EVIDENCE_OR_PAYMENT_LIST,Material source row for requested police evidence category.,00_INBOX - Входящи - Eingang/Accounting_Organized/13_Unknown_To_Review/Cash-Payment.pdf,DUPLICATE_OR_COPY,cash-payment.pdf,HIGH
17,TIER_1_INITIAL_POLICE_PACKAGE,,Entgeltbescheinigungen 02-2025.pdf,CONTRIBUTION_DUE_OR_NOTIFICATION,AOK Hessen,CONTRIBUTION_DUE_OR_NOTIFICATION,Material source row for requested police evidence category.,00_INBOX - Входящи - Eingang/Accounting/2025/Entgeltbescheinigungen 02-2025.pdf,UNIQUE,entgeltbescheinigungen 02-2025.pdf,MEDIUM
18,TIER_2_SUPPORTING,,BWA 03-2025.pdf,HEALTH_INSURANCE_EXTRACTED_ROW,TK,HEALTH_INSURANCE_EXTRACTED_ROW,Material source row for requested police evidence category.,00_INBOX - Входящи - Eingang/Accounting_Organized/08_Operating_Costs/BWA 03-2025.pdf,UNIQUE,bwa 03-2025.pdf,HIGH
19,TIER_1_INITIAL_POLICE_PACKAGE,,Entgeltbescheinigungen 04-2025.pdf,CONTRIBUTION_DUE_OR_NOTIFICATION,AOK Hessen,CONTRIBUTION_DUE_OR_NOTIFICATION,Material source row for requested police evidence category.,00_INBOX - Входящи - Eingang/Accounting/2025/Entgeltbescheinigungen 04-2025.pdf,UNIQUE,entgeltbescheinigungen 04-2025.pdf,MEDIUM
20,TIER_1_INITIAL_POLICE_PACKAGE,,Entgeltbescheinigungen 05-2025.pdf,CONTRIBUTION_DUE_OR_NOTIFICATION,AOK PLUS,CONTRIBUTION_DUE_OR_NOTIFICATION,Material source row for requested police evidence category.,00_INBOX - Входящи - Eingang/Accounting/2025/Entgeltbescheinigungen 05-2025.pdf,UNIQUE,entgeltbescheinigungen 05-2025.pdf,MEDIUM
21,TIER_1_INITIAL_POLICE_PACKAGE,,Entgeltbescheinigungen 06-2025.pdf,CONTRIBUTION_DUE_OR_NOTIFICATION,AOK PLUS,CONTRIBUTION_DUE_OR_NOTIFICATION,Material source row for requested police evidence category.,00_INBOX - Входящи - Eingang/Accounting/2025/Entgeltbescheinigungen 06-2025.pdf,UNIQUE,entgeltbescheinigungen 06-2025.pdf,MEDIUM
22,TIER_1_INITIAL_POLICE_PACKAGE,,Tabelle nach § 175 InsO mit Grund des Bestreitens.pdf,HEALTH_INSURANCE_EXTRACTED_ROW,AOK Plus,HEALTH_INSURANCE_EXTRACTED_ROW,Material source row for requested police evidence category.,00_INBOX - Входящи - Eingang/Accounting_Organized/04_Health_Insurance/Tabelle nach § 175 InsO mit Grund des Bestreitens.pdf,UNIQUE,tabelle nach § 175 inso mit grund des bestreitens.pdf,HIGH
23,TIER_2_SUPPORTING,,agb_doc.pdf,PAYMENT_PLAN_OR_STUNDUNG,AOK,PAYMENT_PLAN_OR_STUNDUNG,Material source row for requested police evidence category.,00_INBOX - Входящи - Eingang/Accounting/ihrebestellung465795beiwebergmbh/agb_doc.pdf,UNIQUE,agb_doc.pdf,HIGH
24,TIER_3_AVAILABLE_ON_REQUEST,,agb_doc.pdf,PAYMENT_PLAN_OR_STUNDUNG,AOK,PAYMENT_PLAN_OR_STUNDUNG,Material source row for requested police evidence category.,00_INBOX - Входящи - Eingang/Accounting_Organized/05_Taxes/agb_doc.pdf,DUPLICATE_OR_COPY,agb_doc.pdf,HIGH
25,TIER_3_AVAILABLE_ON_REQUEST,,agb_doc__copy2.pdf,PAYMENT_PLAN_OR_STUNDUNG,AOK,PAYMENT_PLAN_OR_STUNDUNG,Material source row for requested police evidence category.,00_INBOX - Входящи - Eingang/Accounting_Organized/05_Taxes/agb_doc__copy2.pdf,DUPLICATE_OR_COPY,agb_doc.pdf,HIGH
26,TIER_3_AVAILABLE_ON_REQUEST,,agb_doc.pdf,PAYMENT_PLAN_OR_STUNDUNG,AOK,PAYMENT_PLAN_OR_STUNDUNG,Material source row for requested police evidence category.,00_INBOX - Входящи - Eingang/Accounting_Organized/06_Bank_Payments/agb_doc.pdf,DUPLICATE_OR_COPY,agb_doc.pdf,HIGH
27,TIER_2_SUPPORTING,,BKK_Linde_Ratenzahlung.json,PAYMENT_PLAN_OR_STUNDUNG,AOK,PAYMENT_PLAN_OR_STUNDUNG,Material source row for requested police evidence category.,08_Reports - Доклади - Berichte/Accounting_Cash_Flow/recovered_health_insurance_text/BKK_Linde_Ratenzahlung.json,UNIQUE,bkk_linde_ratenzahlung.json,HIGH
28,TIER_2_SUPPORTING,2022-02-08,aktuelle Unbedenklichkeitsbescheinigungen.pdf,UNBEDENKLICHKEITSBESCHEINIGUNG_PAID_CLEAR,AOK,UNBEDENKLICHKEITSBESCHEINIGUNG_PAID_CLEAR,Material source row for requested police evidence category.,00_INBOX - Входящи - Eingang/Accounting_Organized/04_Health_Insurance/aktuelle Unbedenklichkeitsbescheinigungen.pdf,UNIQUE,aktuelle unbedenklichkeitsbescheinigungen.pdf,HIGH
29,TIER_3_AVAILABLE_ON_REQUEST,2022-02-08,aktuelle Unbedenklichkeitsbescheinigungen.pdf,UNBEDENKLICHKEITSBESCHEINIGUNG,AOK Nordost,UNBEDENKLICHKEITSBESCHEINIGUNG,Material source row for requested police evidence category.,00_INBOX - Входящи - Eingang/Accounting/2. Sozialversicherungsanmeldungen/old/аb 2021 - 2022/aktuelle Unbedenklichkeitsbescheinigungen.pdf,DUPLICATE_OR_COPY,aktuelle unbedenklichkeitsbescheinigungen.pdf,HIGH
30,TIER_3_AVAILABLE_ON_REQUEST,2022-02-08,aktuelle Unbedenklichkeitsbescheinigungen__copy2.pdf,UNBEDENKLICHKEITSBESCHEINIGUNG,AOK Nordost,UNBEDENKLICHKEITSBESCHEINIGUNG,Material source row for requested police evidence category.,00_INBOX - Входящи - Eingang/Accounting_Organized/04_Health_Insurance/aktuelle Unbedenklichkeitsbescheinigungen__copy2.pdf,DUPLICATE_OR_COPY,aktuelle unbedenklichkeitsbescheinigungen.pdf,HIGH
31,TIER_3_AVAILABLE_ON_REQUEST,2022-02-08,aktuelle Unbedenklichkeitsbescheinigungen__copy3.pdf,UNBEDENKLICHKEITSBESCHEINIGUNG,AOK Nordost,UNBEDENKLICHKEITSBESCHEINIGUNG,Material source row for requested police evidence category.,00_INBOX - Входящи - Eingang/Accounting_Organized/04_Health_Insurance/aktuelle Unbedenklichkeitsbescheinigungen__copy3.pdf,DUPLICATE_OR_COPY,aktuelle unbedenklichkeitsbescheinigungen.pdf,HIGH
32,TIER_2_SUPPORTING,2023-10-30,90f3df27-1ca1-4b3a-9f1b-e33ffd37f10a.pdf,ARREARS_OR_ENFORCEMENT_NOTICE,AOK,ARREARS_OR_ENFORCEMENT_NOTICE,Material source row for requested police evidence category.,00_INBOX - Входящи - Eingang/Accounting/accountings112023/90f3df27-1ca1-4b3a-9f1b-e33ffd37f10a.pdf,UNIQUE,90f3df27-1ca1-4b3a-9f1b-e33ffd37f10a.pdf,HIGH
33,TIER_3_AVAILABLE_ON_REQUEST,2023-10-30,90f3df27-1ca1-4b3a-9f1b-e33ffd37f10a.pdf,ARREARS_OR_ENFORCEMENT_NOTICE,AOK,ARREARS_OR_ENFORCEMENT_NOTICE,Material source row for requested police evidence category.,00_INBOX - Входящи - Eingang/Accounting_Organized/01_Accountant_Emails/90f3df27-1ca1-4b3a-9f1b-e33ffd37f10a.pdf,DUPLICATE_OR_COPY,90f3df27-1ca1-4b3a-9f1b-e33ffd37f10a.pdf,HIGH
34,TIER_3_AVAILABLE_ON_REQUEST,2023-10-30,90f3df27-1ca1-4b3a-9f1b-e33ffd37f10a.pdf,ARREARS_OR_ENFORCEMENT_NOTICE,AOK,ARREARS_OR_ENFORCEMENT_NOTICE,Material source row for requested police evidence category.,00_INBOX - Входящи - Eingang/Accounting_Organized/05_Taxes/90f3df27-1ca1-4b3a-9f1b-e33ffd37f10a.pdf,DUPLICATE_OR_COPY,90f3df27-1ca1-4b3a-9f1b-e33ffd37f10a.pdf,HIGH
35,TIER_3_AVAILABLE_ON_REQUEST,2023-10-30,90f3df27-1ca1-4b3a-9f1b-e33ffd37f10a__copy2.pdf,ARREARS_OR_ENFORCEMENT_NOTICE,AOK,ARREARS_OR_ENFORCEMENT_NOTICE,Material source row for requested police evidence category.,00_INBOX - Входящи - Eingang/Accounting_Organized/05_Taxes/90f3df27-1ca1-4b3a-9f1b-e33ffd37f10a__copy2.pdf,DUPLICATE_OR_COPY,90f3df27-1ca1-4b3a-9f1b-e33ffd37f10a.pdf,HIGH
36,TIER_2_SUPPORTING,2023-12-28,"39739 - Rechnung 231128_2023 vom 28.12.2023, Aufträge 31_23, 32_23, 33_23, 34_23, 50_23, 98_23, Mandant 42303.pdf",ARREARS_OR_ENFORCEMENT_NOTICE,AOK,ARREARS_OR_ENFORCEMENT_NOTICE,Material source row for requested police evidence category.,"00_INBOX - Входящи - Eingang/Accounting/accountings112023/39739 - Rechnung 231128_2023 vom 28.12.2023, Aufträge 31_23, 32_23, 33_23, 34_23, 50_23, 98_23, Mandant 42303.pdf",UNIQUE,"39739 - rechnung 231128_2023 vom 28.12.2023, aufträge 31_23, 32_23, 33_23, 34_23, 50_23, 98_23, mandant 42303.pdf",MEDIUM
37,TIER_3_AVAILABLE_ON_REQUEST,2023-12-28,"39739 - Rechnung 231128_2023 vom 28.12.2023, Aufträge 31_23, 32_23, 33_23, 34_23, 50_23, 98_23, Mandant 42303.pdf",ARREARS_OR_ENFORCEMENT_NOTICE,AOK,ARREARS_OR_ENFORCEMENT_NOTICE,Material source row for requested police evidence category.,"00_INBOX - Входящи - Eingang/Accounting_Organized/01_Accountant_Emails/39739 - Rechnung 231128_2023 vom 28.12.2023, Aufträge 31_23, 32_23, 33_23, 34_23, 50_23, 98_23, Mandant 42303.pdf",DUPLICATE_OR_COPY,"39739 - rechnung 231128_2023 vom 28.12.2023, aufträge 31_23, 32_23, 33_23, 34_23, 50_23, 98_23, mandant 42303.pdf",MEDIUM
38,TIER_3_AVAILABLE_ON_REQUEST,2023-12-28,"39739 - Rechnung 231128_2023 vom 28.12.2023, Aufträge 31_23, 32_23, 33_23, 34_23, 50_23, 98_23, Mandant 42303.pdf",ARREARS_OR_ENFORCEMENT_NOTICE,AOK,ARREARS_OR_ENFORCEMENT_NOTICE,Material source row for requested police evidence category.,"00_INBOX - Входящи - Eingang/Accounting_Organized/08_Operating_Costs/39739 - Rechnung 231128_2023 vom 28.12.2023, Aufträge 31_23, 32_23, 33_23, 34_23, 50_23, 98_23, Mandant 42303.pdf",DUPLICATE_OR_COPY,"39739 - rechnung 231128_2023 vom 28.12.2023, aufträge 31_23, 32_23, 33_23, 34_23, 50_23, 98_23, mandant 42303.pdf",MEDIUM
39,TIER_3_AVAILABLE_ON_REQUEST,2023-12-28,"39739 - Rechnung 231128_2023 vom 28.12.2023, Aufträge 31_23, 32_23, 33_23, 34_23, 50_23, 98_23, Mandant 42303__copy2.pdf",ARREARS_OR_ENFORCEMENT_NOTICE,AOK,ARREARS_OR_ENFORCEMENT_NOTICE,Material source row for requested police evidence category.,"00_INBOX - Входящи - Eingang/Accounting_Organized/08_Operating_Costs/39739 - Rechnung 231128_2023 vom 28.12.2023, Aufträge 31_23, 32_23, 33_23, 34_23, 50_23, 98_23, Mandant 42303__copy2.pdf",DUPLICATE_OR_COPY,"39739 - rechnung 231128_2023 vom 28.12.2023, aufträge 31_23, 32_23, 33_23, 34_23, 50_23, 98_23, mandant 42303.pdf",MEDIUM
40,TIER_2_SUPPORTING,2024-01-11,10001_12-2023_DivAuswertungen_DivMitarbeiter_ZZ1.pdf,ARREARS_OR_ENFORCEMENT_NOTICE,AOK Hessen,ARREARS_OR_ENFORCEMENT_NOTICE,Material source row for requested police evidence category.,00_INBOX - Входящи - Eingang/Accounting/10001_12-2023_DivAuswertungen_DivMitarbeiter_ZZ1.pdf,UNIQUE,10001_12-2023_divauswertungen_divmitarbeiter_zz1.pdf,MEDIUM
41,TIER_3_AVAILABLE_ON_REQUEST,2024-01-11,10001_12-2023_DivAuswertungen_DivMitarbeiter_ZZ1.pdf,ARREARS_OR_ENFORCEMENT_NOTICE,AOK Hessen,ARREARS_OR_ENFORCEMENT_NOTICE,Material source row for requested police evidence category.,00_INBOX - Входящи - Eingang/Accounting_Organized/02_Payroll/10001_12-2023_DivAuswertungen_DivMitarbeiter_ZZ1.pdf,DUPLICATE_OR_COPY,10001_12-2023_divauswertungen_divmitarbeiter_zz1.pdf,MEDIUM
42,TIER_3_AVAILABLE_ON_REQUEST,2024-01-11,10001_12-2023_DivAuswertungen_DivMitarbeiter_ZZ1__copy2.pdf,ARREARS_OR_ENFORCEMENT_NOTICE,AOK Hessen,ARREARS_OR_ENFORCEMENT_NOTICE,Material source row for requested police evidence category.,00_INBOX - Входящи - Eingang/Accounting_Organized/02_Payroll/10001_12-2023_DivAuswertungen_DivMitarbeiter_ZZ1__copy2.pdf,DUPLICATE_OR_COPY,10001_12-2023_divauswertungen_divmitarbeiter_zz1.pdf,MEDIUM
43,TIER_3_AVAILABLE_ON_REQUEST,2024-01-11,10001_12-2023_DivAuswertungen_DivMitarbeiter_ZZ1.pdf,ARREARS_OR_ENFORCEMENT_NOTICE,AOK Hessen,ARREARS_OR_ENFORCEMENT_NOTICE,Material source row for requested police evidence category.,00_INBOX - Входящи - Eingang/Accounting_Organized/13_Unknown_To_Review/10001_12-2023_DivAuswertungen_DivMitarbeiter_ZZ1.pdf,DUPLICATE_OR_COPY,10001_12-2023_divauswertungen_divmitarbeiter_zz1.pdf,MEDIUM
44,TIER_2_SUPPORTING,2024-01-12,10001_12-2023_Brutto_NettoProbe_00025_ZZ1.pdf,ARREARS_OR_ENFORCEMENT_NOTICE,AOK,ARREARS_OR_ENFORCEMENT_NOTICE,Material source row for requested police evidence category.,00_INBOX - Входящи - Eingang/Accounting/10001_12-2023_Brutto_NettoProbe_00025_ZZ1.pdf,UNIQUE,10001_12-2023_brutto_nettoprobe_00025_zz1.pdf,MEDIUM
45,TIER_2_SUPPORTING,2024-01-12,Pay Roll 12.2023.pdf,ARREARS_OR_ENFORCEMENT_NOTICE,AOK,ARREARS_OR_ENFORCEMENT_NOTICE,Material source row for requested police evidence category.,00_INBOX - Входящи - Eingang/Accounting/payroll12_2023/Pay Roll 12.2023.pdf,UNIQUE,pay roll 12.2023.pdf,MEDIUM
46,TIER_3_AVAILABLE_ON_REQUEST,2024-01-12,10001_12-2023_Brutto_NettoProbe_00025_ZZ1.pdf,ARREARS_OR_ENFORCEMENT_NOTICE,AOK,ARREARS_OR_ENFORCEMENT_NOTICE,Material source row for requested police evidence category.,00_INBOX - Входящи - Eingang/Accounting_Organized/02_Payroll/10001_12-2023_Brutto_NettoProbe_00025_ZZ1.pdf,DUPLICATE_OR_COPY,10001_12-2023_brutto_nettoprobe_00025_zz1.pdf,MEDIUM
47,TIER_3_AVAILABLE_ON_REQUEST,2024-01-12,10001_12-2023_Brutto_NettoProbe_00025_ZZ1__copy2.pdf,ARREARS_OR_ENFORCEMENT_NOTICE,AOK,ARREARS_OR_ENFORCEMENT_NOTICE,Material source row for requested police evidence category.,00_INBOX - Входящи - Eingang/Accounting_Organized/02_Payroll/10001_12-2023_Brutto_NettoProbe_00025_ZZ1__copy2.pdf,DUPLICATE_OR_COPY,10001_12-2023_brutto_nettoprobe_00025_zz1.pdf,MEDIUM
48,TIER_3_AVAILABLE_ON_REQUEST,2024-01-12,Pay Roll 12.2023.pdf,ARREARS_OR_ENFORCEMENT_NOTICE,AOK,ARREARS_OR_ENFORCEMENT_NOTICE,Material source row for requested police evidence category.,00_INBOX - Входящи - Eingang/Accounting_Organized/02_Payroll/Pay Roll 12.2023.pdf,DUPLICATE_OR_COPY,pay roll 12.2023.pdf,MEDIUM
49,TIER_3_AVAILABLE_ON_REQUEST,2024-01-12,Pay Roll 12.2023__copy2.pdf,ARREARS_OR_ENFORCEMENT_NOTICE,AOK,ARREARS_OR_ENFORCEMENT_NOTICE,Material source row for requested police evidence category.,00_INBOX - Входящи - Eingang/Accounting_Organized/02_Payroll/Pay Roll 12.2023__copy2.pdf,DUPLICATE_OR_COPY,pay roll 12.2023.pdf,MEDIUM
50,TIER_3_AVAILABLE_ON_REQUEST,2024-01-12,10001_12-2023_Brutto_NettoProbe_00025_ZZ1.pdf,ARREARS_OR_ENFORCEMENT_NOTICE,AOK,ARREARS_OR_ENFORCEMENT_NOTICE,Material source row for requested police evidence category.,00_INBOX - Входящи - Eingang/Accounting_Organized/13_Unknown_To_Review/10001_12-2023_Brutto_NettoProbe_00025_ZZ1.pdf,DUPLICATE_OR_COPY,10001_12-2023_brutto_nettoprobe_00025_zz1.pdf,MEDIUM
51,TIER_3_AVAILABLE_ON_REQUEST,2024-01-12,Pay Roll 12.2023.pdf,ARREARS_OR_ENFORCEMENT_NOTICE,AOK,ARREARS_OR_ENFORCEMENT_NOTICE,Material source row for requested police evidence category.,00_INBOX - Входящи - Eingang/Accounting_Organized/13_Unknown_To_Review/Pay Roll 12.2023.pdf,DUPLICATE_OR_COPY,pay roll 12.2023.pdf,MEDIUM
52,TIER_2_SUPPORTING,2024-01-29,"40850 - Rechnung 240213_2024 vom 29.01.2024, Aufträge 31_24, 32_23, 33_23, 33_24, 34_24, 98_24, Mandant 42303.pdf",ARREARS_OR_ENFORCEMENT_NOTICE,AOK,ARREARS_OR_ENFORCEMENT_NOTICE,Material source row for requested police evidence category.,"00_INBOX - Входящи - Eingang/Accounting/accountings012024/40850 - Rechnung 240213_2024 vom 29.01.2024, Aufträge 31_24, 32_23, 33_23, 33_24, 34_24, 98_24, Mandant 42303.pdf",UNIQUE,"40850 - rechnung 240213_2024 vom 29.01.2024, aufträge 31_24, 32_23, 33_23, 33_24, 34_24, 98_24, mandant 42303.pdf",MEDIUM
53,TIER_3_AVAILABLE_ON_REQUEST,,agb_doc.pdf,PAYMENT_PLAN_OR_STUNDUNG,AOK,PAYMENT_PLAN_OR_STUNDUNG,Material source row for requested police evidence category.,00_INBOX - Входящи - Eingang/Accounting/ihrebestellung465795beiwebergmbh/agb_doc.pdf,DUPLICATE_OR_COPY,agb_doc.pdf,HIGH
54,TIER_3_AVAILABLE_ON_REQUEST,,agb_doc.pdf,PAYMENT_PLAN_OR_STUNDUNG,AOK,PAYMENT_PLAN_OR_STUNDUNG,Material source row for requested police evidence category.,00_INBOX - Входящи - Eingang/Accounting_Organized/05_Taxes/agb_doc.pdf,DUPLICATE_OR_COPY,agb_doc.pdf,HIGH
55,TIER_3_AVAILABLE_ON_REQUEST,,agb_doc__copy2.pdf,PAYMENT_PLAN_OR_STUNDUNG,AOK,PAYMENT_PLAN_OR_STUNDUNG,Material source row for requested police evidence category.,00_INBOX - Входящи - Eingang/Accounting_Organized/05_Taxes/agb_doc__copy2.pdf,DUPLICATE_OR_COPY,agb_doc.pdf,HIGH
56,TIER_3_AVAILABLE_ON_REQUEST,,agb_doc.pdf,PAYMENT_PLAN_OR_STUNDUNG,AOK,PAYMENT_PLAN_OR_STUNDUNG,Material source row for requested police evidence category.,00_INBOX - Входящи - Eingang/Accounting_Organized/06_Bank_Payments/agb_doc.pdf,DUPLICATE_OR_COPY,agb_doc.pdf,HIGH
57,TIER_3_AVAILABLE_ON_REQUEST,,BKK_Linde_Ratenzahlung.json,PAYMENT_PLAN_OR_STUNDUNG,AOK,PAYMENT_PLAN_OR_STUNDUNG,Material source row for requested police evidence category.,08_Reports - Доклади - Berichte/Accounting_Cash_Flow/recovered_health_insurance_text/BKK_Linde_Ratenzahlung.json,DUPLICATE_OR_COPY,bkk_linde_ratenzahlung.json,HIGH
58,TIER_1_INITIAL_POLICE_PACKAGE,2025-02-03,"89878877, Antrag auf Ratenzahlung.eml",UNBEDENKLICHKEITSBESCHEINIGUNG,AOK,UNBEDENKLICHKEITSBESCHEINIGUNG,Material source row for requested police evidence category.,"00_INBOX - Входящи - Eingang/Accounting/89878877, Antrag auf Ratenzahlung.eml",UNIQUE,"89878877, antrag auf ratenzahlung.eml",HIGH
59,TIER_3_AVAILABLE_ON_REQUEST,2025-02-03,"89878877, Antrag auf Ratenzahlung.eml",UNBEDENKLICHKEITSBESCHEINIGUNG,AOK,UNBEDENKLICHKEITSBESCHEINIGUNG,Material source row for requested police evidence category.,"00_INBOX - Входящи - Eingang/Accounting_Organized/01_Accountant_Emails/89878877, Antrag auf Ratenzahlung.eml",DUPLICATE_OR_COPY,"89878877, antrag auf ratenzahlung.eml",HIGH
60,TIER_3_AVAILABLE_ON_REQUEST,2025-02-03,"89878877, Antrag auf Ratenzahlung__copy2.eml",UNBEDENKLICHKEITSBESCHEINIGUNG,AOK,UNBEDENKLICHKEITSBESCHEINIGUNG,Material source row for requested police evidence category.,"00_INBOX - Входящи - Eingang/Accounting_Organized/01_Accountant_Emails/89878877, Antrag auf Ratenzahlung__copy2.eml",DUPLICATE_OR_COPY,"89878877, antrag auf ratenzahlung.eml",HIGH
61,TIER_3_AVAILABLE_ON_REQUEST,2025-02-03,"89878877, Antrag auf Ratenzahlung__copy3.eml",UNBEDENKLICHKEITSBESCHEINIGUNG,AOK,UNBEDENKLICHKEITSBESCHEINIGUNG,Material source row for requested police evidence category.,"00_INBOX - Входящи - Eingang/Accounting_Organized/01_Accountant_Emails/89878877, Antrag auf Ratenzahlung__copy3.eml",DUPLICATE_OR_COPY,"89878877, antrag auf ratenzahlung.eml",HIGH
62,TIER_3_AVAILABLE_ON_REQUEST,,BKK_Linde_Ratenzahlung.json,PAYMENT_PLAN_OR_STUNDUNG,AOK,PAYMENT_PLAN_OR_STUNDUNG,Material source row for requested police evidence category.,08_Reports - Доклади - Berichte/Accounting_Cash_Flow/recovered_health_insurance_text/BKK_Linde_Ratenzahlung.json,DUPLICATE_OR_COPY,bkk_linde_ratenzahlung.json,HIGH
63,TIER_3_AVAILABLE_ON_REQUEST,,Tabelle nach § 175 InsO mit Grund des Bestreitens.pdf,HEALTH_INSURANCE_EXTRACTED_ROW,AOK Plus,HEALTH_INSURANCE_EXTRACTED_ROW,Material source row for requested police evidence category.,00_INBOX - Входящи - Eingang/Accounting_Organized/04_Health_Insurance/Tabelle nach § 175 InsO mit Grund des Bestreitens.pdf,DUPLICATE_OR_COPY,tabelle nach § 175 inso mit grund des bestreitens.pdf,HIGH
64,TIER_2_SUPPORTING,,06-2021 #9109.pdf,HEALTH_INSURANCE_EXTRACTED_ROW,AOK Plus,HEALTH_INSURANCE_EXTRACTED_ROW,Material source row for requested police evidence category.,00_INBOX - Входящи - Eingang/Accounting_Organized/04_Health_Insurance/06-2021 #9109.pdf,UNIQUE,06-2021 #9109.pdf,HIGH
65,TIER_2_SUPPORTING,,07-2021 #9109.pdf,HEALTH_INSURANCE_EXTRACTED_ROW,AOK Plus,HEALTH_INSURANCE_EXTRACTED_ROW,Material source row for requested police evidence category.,00_INBOX - Входящи - Eingang/Accounting_Organized/04_Health_Insurance/07-2021 #9109.pdf,UNIQUE,07-2021 #9109.pdf,HIGH
66,TIER_2_SUPPORTING,,11-2021 #9109.pdf,HEALTH_INSURANCE_EXTRACTED_ROW,AOK Plus,HEALTH_INSURANCE_EXTRACTED_ROW,Material source row for requested police evidence category.,00_INBOX - Входящи - Eingang/Accounting_Organized/04_Health_Insurance/11-2021 #9109.pdf,UNIQUE,11-2021 #9109.pdf,HIGH
67,TIER_2_SUPPORTING,,06-2022 #9109.pdf,HEALTH_INSURANCE_EXTRACTED_ROW,AOK Plus,HEALTH_INSURANCE_EXTRACTED_ROW,Material source row for requested police evidence category.,00_INBOX - Входящи - Eingang/Accounting_Organized/04_Health_Insurance/06-2022 #9109.pdf,UNIQUE,06-2022 #9109.pdf,HIGH
68,TIER_2_SUPPORTING,,07-2022 #9109.pdf,HEALTH_INSURANCE_EXTRACTED_ROW,AOK Plus,HEALTH_INSURANCE_EXTRACTED_ROW,Material source row for requested police evidence category.,00_INBOX - Входящи - Eingang/Accounting_Organized/04_Health_Insurance/07-2022 #9109.pdf,UNIQUE,07-2022 #9109.pdf,HIGH
69,TIER_2_SUPPORTING,,10-2022 #9109.pdf,HEALTH_INSURANCE_EXTRACTED_ROW,AOK Plus,HEALTH_INSURANCE_EXTRACTED_ROW,Material source row for requested police evidence category.,00_INBOX - Входящи - Eingang/Accounting_Organized/04_Health_Insurance/10-2022 #9109.pdf,UNIQUE,10-2022 #9109.pdf,HIGH
70,TIER_2_SUPPORTING,,12-2022 #9109.pdf,HEALTH_INSURANCE_EXTRACTED_ROW,AOK Plus,HEALTH_INSURANCE_EXTRACTED_ROW,Material source row for requested police evidence category.,00_INBOX - Входящи - Eingang/Accounting_Organized/04_Health_Insurance/12-2022 #9109.pdf,UNIQUE,12-2022 #9109.pdf,HIGH
71,TIER_2_SUPPORTING,,10. Nachweis von Lohnzahlungen - Bankkontoumsätze 2023.pdf,HEALTH_INSURANCE_EXTRACTED_ROW,AOK Plus,HEALTH_INSURANCE_EXTRACTED_ROW,Material source row for requested police evidence category.,00_INBOX - Входящи - Eingang/Accounting_Organized/06_Bank_Payments/10. Nachweis von Lohnzahlungen - Bankkontoumsätze 2023.pdf,UNIQUE,10. nachweis von lohnzahlungen - bankkontoumsätze 2023.pdf,HIGH
72,TIER_2_SUPPORTING,,02-2023 #9109.pdf,HEALTH_INSURANCE_EXTRACTED_ROW,AOK Plus,HEALTH_INSURANCE_EXTRACTED_ROW,Material source row for requested police evidence category.,00_INBOX - Входящи - Eingang/Accounting_Organized/04_Health_Insurance/02-2023 #9109.pdf,UNIQUE,02-2023 #9109.pdf,HIGH
73,TIER_3_AVAILABLE_ON_REQUEST,2023-10-30,90f3df27-1ca1-4b3a-9f1b-e33ffd37f10a.pdf,ARREARS_OR_ENFORCEMENT_NOTICE,AOK,ARREARS_OR_ENFORCEMENT_NOTICE,Material source row for requested police evidence category.,00_INBOX - Входящи - Eingang/Accounting/accountings112023/90f3df27-1ca1-4b3a-9f1b-e33ffd37f10a.pdf,DUPLICATE_OR_COPY,90f3df27-1ca1-4b3a-9f1b-e33ffd37f10a.pdf,HIGH
74,TIER_3_AVAILABLE_ON_REQUEST,2023-10-30,90f3df27-1ca1-4b3a-9f1b-e33ffd37f10a.pdf,ARREARS_OR_ENFORCEMENT_NOTICE,AOK,ARREARS_OR_ENFORCEMENT_NOTICE,Material source row for requested police evidence category.,00_INBOX - Входящи - Eingang/Accounting_Organized/01_Accountant_Emails/90f3df27-1ca1-4b3a-9f1b-e33ffd37f10a.pdf,DUPLICATE_OR_COPY,90f3df27-1ca1-4b3a-9f1b-e33ffd37f10a.pdf,HIGH
75,TIER_3_AVAILABLE_ON_REQUEST,2023-10-30,90f3df27-1ca1-4b3a-9f1b-e33ffd37f10a.pdf,ARREARS_OR_ENFORCEMENT_NOTICE,AOK,ARREARS_OR_ENFORCEMENT_NOTICE,Material source row for requested police evidence category.,00_INBOX - Входящи - Eingang/Accounting_Organized/05_Taxes/90f3df27-1ca1-4b3a-9f1b-e33ffd37f10a.pdf,DUPLICATE_OR_COPY,90f3df27-1ca1-4b3a-9f1b-e33ffd37f10a.pdf,HIGH
76,TIER_3_AVAILABLE_ON_REQUEST,2023-10-30,90f3df27-1ca1-4b3a-9f1b-e33ffd37f10a__copy2.pdf,ARREARS_OR_ENFORCEMENT_NOTICE,AOK,ARREARS_OR_ENFORCEMENT_NOTICE,Material source row for requested police evidence category.,00_INBOX - Входящи - Eingang/Accounting_Organized/05_Taxes/90f3df27-1ca1-4b3a-9f1b-e33ffd37f10a__copy2.pdf,DUPLICATE_OR_COPY,90f3df27-1ca1-4b3a-9f1b-e33ffd37f10a.pdf,HIGH
77,TIER_3_AVAILABLE_ON_REQUEST,2023-12-28,"39739 - Rechnung 231128_2023 vom 28.12.2023, Aufträge 31_23, 32_23, 33_23, 34_23, 50_23, 98_23, Mandant 42303.pdf",ARREARS_OR_ENFORCEMENT_NOTICE,AOK,ARREARS_OR_ENFORCEMENT_NOTICE,Material source row for requested police evidence category.,"00_INBOX - Входящи - Eingang/Accounting/accountings112023/39739 - Rechnung 231128_2023 vom 28.12.2023, Aufträge 31_23, 32_23, 33_23, 34_23, 50_23, 98_23, Mandant 42303.pdf",DUPLICATE_OR_COPY,"39739 - rechnung 231128_2023 vom 28.12.2023, aufträge 31_23, 32_23, 33_23, 34_23, 50_23, 98_23, mandant 42303.pdf",MEDIUM
78,TIER_3_AVAILABLE_ON_REQUEST,2023-12-28,"39739 - Rechnung 231128_2023 vom 28.12.2023, Aufträge 31_23, 32_23, 33_23, 34_23, 50_23, 98_23, Mandant 42303.pdf",ARREARS_OR_ENFORCEMENT_NOTICE,AOK,ARREARS_OR_ENFORCEMENT_NOTICE,Material source row for requested police evidence category.,"00_INBOX - Входящи - Eingang/Accounting_Organized/01_Accountant_Emails/39739 - Rechnung 231128_2023 vom 28.12.2023, Aufträge 31_23, 32_23, 33_23, 34_23, 50_23, 98_23, Mandant 42303.pdf",DUPLICATE_OR_COPY,"39739 - rechnung 231128_2023 vom 28.12.2023, aufträge 31_23, 32_23, 33_23, 34_23, 50_23, 98_23, mandant 42303.pdf",MEDIUM
79,TIER_3_AVAILABLE_ON_REQUEST,2023-12-28,"39739 - Rechnung 231128_2023 vom 28.12.2023, Aufträge 31_23, 32_23, 33_23, 34_23, 50_23, 98_23, Mandant 42303.pdf",ARREARS_OR_ENFORCEMENT_NOTICE,AOK,ARREARS_OR_ENFORCEMENT_NOTICE,Material source row for requested police evidence category.,"00_INBOX - Входящи - Eingang/Accounting_Organized/08_Operating_Costs/39739 - Rechnung 231128_2023 vom 28.12.2023, Aufträge 31_23, 32_23, 33_23, 34_23, 50_23, 98_23, Mandant 42303.pdf",DUPLICATE_OR_COPY,"39739 - rechnung 231128_2023 vom 28.12.2023, aufträge 31_23, 32_23, 33_23, 34_23, 50_23, 98_23, mandant 42303.pdf",MEDIUM
80,TIER_3_AVAILABLE_ON_REQUEST,2023-12-28,"39739 - Rechnung 231128_2023 vom 28.12.2023, Aufträge 31_23, 32_23, 33_23, 34_23, 50_23, 98_23, Mandant 42303__copy2.pdf",ARREARS_OR_ENFORCEMENT_NOTICE,AOK,ARREARS_OR_ENFORCEMENT_NOTICE,Material source row for requested police evidence category.,"00_INBOX - Входящи - Eingang/Accounting_Organized/08_Operating_Costs/39739 - Rechnung 231128_2023 vom 28.12.2023, Aufträge 31_23, 32_23, 33_23, 34_23, 50_23, 98_23, Mandant 42303__copy2.pdf",DUPLICATE_OR_COPY,"39739 - rechnung 231128_2023 vom 28.12.2023, aufträge 31_23, 32_23, 33_23, 34_23, 50_23, 98_23, mandant 42303.pdf",MEDIUM
81,TIER_3_AVAILABLE_ON_REQUEST,2024-01-11,10001_12-2023_DivAuswertungen_DivMitarbeiter_ZZ1.pdf,ARREARS_OR_ENFORCEMENT_NOTICE,AOK Hessen,ARREARS_OR_ENFORCEMENT_NOTICE,Material source row for requested police evidence category.,00_INBOX - Входящи - Eingang/Accounting/10001_12-2023_DivAuswertungen_DivMitarbeiter_ZZ1.pdf,DUPLICATE_OR_COPY,10001_12-2023_divauswertungen_divmitarbeiter_zz1.pdf,MEDIUM
82,TIER_3_AVAILABLE_ON_REQUEST,2024-01-11,10001_12-2023_DivAuswertungen_DivMitarbeiter_ZZ1.pdf,ARREARS_OR_ENFORCEMENT_NOTICE,AOK Hessen,ARREARS_OR_ENFORCEMENT_NOTICE,Material source row for requested police evidence category.,00_INBOX - Входящи - Eingang/Accounting_Organized/02_Payroll/10001_12-2023_DivAuswertungen_DivMitarbeiter_ZZ1.pdf,DUPLICATE_OR_COPY,10001_12-2023_divauswertungen_divmitarbeiter_zz1.pdf,MEDIUM
83,TIER_3_AVAILABLE_ON_REQUEST,2024-01-11,10001_12-2023_DivAuswertungen_DivMitarbeiter_ZZ1__copy2.pdf,ARREARS_OR_ENFORCEMENT_NOTICE,AOK Hessen,ARREARS_OR_ENFORCEMENT_NOTICE,Material source row for requested police evidence category.,00_INBOX - Входящи - Eingang/Accounting_Organized/02_Payroll/10001_12-2023_DivAuswertungen_DivMitarbeiter_ZZ1__copy2.pdf,DUPLICATE_OR_COPY,10001_12-2023_divauswertungen_divmitarbeiter_zz1.pdf,MEDIUM
84,TIER_3_AVAILABLE_ON_REQUEST,2024-01-11,10001_12-2023_DivAuswertungen_DivMitarbeiter_ZZ1.pdf,ARREARS_OR_ENFORCEMENT_NOTICE,AOK Hessen,ARREARS_OR_ENFORCEMENT_NOTICE,Material source row for requested police evidence category.,00_INBOX - Входящи - Eingang/Accounting_Organized/13_Unknown_To_Review/10001_12-2023_DivAuswertungen_DivMitarbeiter_ZZ1.pdf,DUPLICATE_OR_COPY,10001_12-2023_divauswertungen_divmitarbeiter_zz1.pdf,MEDIUM
85,TIER_3_AVAILABLE_ON_REQUEST,2024-01-12,10001_12-2023_Brutto_NettoProbe_00025_ZZ1.pdf,ARREARS_OR_ENFORCEMENT_NOTICE,AOK,ARREARS_OR_ENFORCEMENT_NOTICE,Material source row for requested police evidence category.,00_INBOX - Входящи - Eingang/Accounting/10001_12-2023_Brutto_NettoProbe_00025_ZZ1.pdf,DUPLICATE_OR_COPY,10001_12-2023_brutto_nettoprobe_00025_zz1.pdf,MEDIUM
86,TIER_3_AVAILABLE_ON_REQUEST,2024-01-12,Pay Roll 12.2023.pdf,ARREARS_OR_ENFORCEMENT_NOTICE,AOK,ARREARS_OR_ENFORCEMENT_NOTICE,Material source row for requested police evidence category.,00_INBOX - Входящи - Eingang/Accounting/payroll12_2023/Pay Roll 12.2023.pdf,DUPLICATE_OR_COPY,pay roll 12.2023.pdf,MEDIUM
87,TIER_3_AVAILABLE_ON_REQUEST,2024-01-12,10001_12-2023_Brutto_NettoProbe_00025_ZZ1.pdf,ARREARS_OR_ENFORCEMENT_NOTICE,AOK,ARREARS_OR_ENFORCEMENT_NOTICE,Material source row for requested police evidence category.,00_INBOX - Входящи - Eingang/Accounting_Organized/02_Payroll/10001_12-2023_Brutto_NettoProbe_00025_ZZ1.pdf,DUPLICATE_OR_COPY,10001_12-2023_brutto_nettoprobe_00025_zz1.pdf,MEDIUM
88,TIER_3_AVAILABLE_ON_REQUEST,2024-01-12,10001_12-2023_Brutto_NettoProbe_00025_ZZ1__copy2.pdf,ARREARS_OR_ENFORCEMENT_NOTICE,AOK,ARREARS_OR_ENFORCEMENT_NOTICE,Material source row for requested police evidence category.,00_INBOX - Входящи - Eingang/Accounting_Organized/02_Payroll/10001_12-2023_Brutto_NettoProbe_00025_ZZ1__copy2.pdf,DUPLICATE_OR_COPY,10001_12-2023_brutto_nettoprobe_00025_zz1.pdf,MEDIUM
