result_id,source_file,source_path,sender,recipient,date,krankenkasse,classification,direct_krankenkasse_response,summary,exact_snippet,confidence
C-001,UB.pdf,00_INBOX - Входящи - Eingang\Accounting\UB.pdf,BARMER,Martin Zahariev,17.09.2024,BARMER,ARREARS_RESPONSE,YES,Unbedenklichkeitsbescheinigung states no current contribution arrears under Betriebsnummer 89878877.,"Unbedenklichkeitsbescheinigung für Martin Zahariev, Betriebsnummer 89878877 Sehr geehrte Damen und Herren, wir bestätigen, dass auf dem bei unserer Krankenkasse unter der vorgenannten Betriebsnummer geführten Arbeitgeberkonto X die Gesamtsozialversicherungsbeiträge und Umlagen in den letzten sechs Monaten rechtzeitig nachgewiesen und gezahlt worden sind und derzeit keine Beitragsrückstände bestehen. Sofern diese Unbedenklichkeitsbescheinigung für Zwecke der Haftungsfreistellung nach Paragraf 28e Absatz 3b in Verbindung mit Absatz 3f Satz 1 des Vierten Buches Sozialgesetzbuch (SGB IV) verwendet wird, wirkt sie für den Zeitraum von drei Monaten nach Ausstellung. derzeit keine Beitragsrückstände bestehen. Die Zahl der gemeldeten Beschäftigten, für die derzeit Beiträge gezahlt werden, beträgt 4. Diese Bescheinigung ist keine Bestätigung über die Vollständigkeit und Richtigkeit der Beitragsza",HIGH
C-002,SEPA AOK Sachsen-Anhalt.pdf,00_INBOX - Входящи - Eingang\Accounting\SEPA AOK Sachsen-Anhalt.pdf,AOK Sachsen-Anhalt form,Martin Zahariev / Favorit MP,01.03.2024 shown on form,AOK Sachsen-Anhalt,ROUTINE_CORRESPONDENCE,NO/FORM,SEPA direct debit mandate form; not a response to arrears or payment plan.,"Gläubiger-Identifikationsnummer AOK Sachsen-Anhalt: DE17AOK00000007617 Mandatsreferenznummer: WIRD SEPARAT MITGETEILT Betriebsnummer: AOK Sachsen-Anhalt Die Gesundheitskasse. 45.10 KC Firmenkundenservice 39084 Magdeburg SEPA-Lastschriftmandat für wiederkehrende Zahlungen Ich ermächtige/Wir ermächtigen die AOK Sachsen-Anhalt - Die Gesundheitskasse., Zahlungen von meinem/unserem Konto mittels Lastschrift einzuziehen. Zugleich weise ich mein/weisen wir unser Kreditinstitut an, die von der AOK Sachsen-Anhalt auf mein/unser Konto gezogenen Lastschriften einzulösen. Hinweis: Ich kann/Wir können innerhalb von acht Wochen, beginnend mit dem Belastungsdatum, die Erstattung des belasteten Betrages ver",MEDIUM
C-003,Antrag Freischaltung Mein AOK Arbeitgeberservice.pdf,00_INBOX - Входящи - Eingang\Accounting\Antrag Freischaltung Mein AOK Arbeitgeberservice.pdf,AOK PLUS/form context,Marilie Brunettin / AOK Arbeitgeberservice context,14.01.2025,AOK PLUS,ROUTINE_CORRESPONDENCE,UNCLEAR,"Access/activation document, not a response on arrears, payment plan acceptance, or later payment.",• • • AOK PLUS 89878877 Frau Marilie Brunettin +49-51164644748 marilie@brunettin.de AOK PLUS Marilie Brunettin Marilie Brunettin 14.01.2025,LOW
C-004,BKK Linde Ratenzahlung.pdf,00_INBOX - Входящи - Eingang\Accounting\BKK Linde Ratenzahlung.pdf,Unknown - unreadable source,Unknown,Unknown,BKK Linde,UNCLEAR,UNKNOWN,"Filename suggests Ratenzahlung, but text recovery reports OCR_REQUIRED and no readable text; cannot classify as accepted/rejected response.","{
  ""filename"": ""BKK Linde Ratenzahlung.pdf"",
  ""extraction_method"": ""OCR_REQUIRED after PyMuPDF/pypdf/pdfplumber/OCR attempts"",
  ""password_success"": ""NO"",
  ""text_length"": 0,
  ""detected_insurance_name"": ""BKK Linde"",
  ""detected_dates"": [],
  ""detected_amounts"": [],
  ""status"": ""OCR_REQUIRED"",
  ""source_file"": ""00_INBOX - Входящи - Eingang/Accounting_Organized/04_Health_Insurance/BKK Linde Ratenzahlung.pdf"",
  ""technical_errors"": [
    ""PDF OCR failed: tesseract is not installed or it's not in your PATH. See README file for more information.""
  ]
}
",LOW
C-005,Contributions.docx,00_INBOX - Входящи - Eingang\Accounting\Contributions.docx,Accountant/internal table,Martin/accounting use,Not explicit in document body; file context before/around 2025-02/03,BKK Linde; DAK; Barmer; KKH,PAYMENT_PLAN_DISCUSSION,NO,"Internal/accountant table mentions BKK Linde and DAK installment agreement and Barmer NO AGREEMENT, but is not itself insurer acceptance.","Betrag Installment payment request submitted Hauptzollamt Erfurt PQ Zertifikat KKH Kaufm. Krankenkasse 41.544,44 Waiting for Zoll 28.615,10 -310,51 EK Barmer 4.052,18 NO AGREEMENT 4.052,18 BKK Linde 5.477,05 Installment agreement as of 2.2. 1.850,00 2.3. 1.850 ,00 2.4. 1.777,05 EK DAK Gesundheit 6.829,83 Installment agreement As of 10.02. 1.138,31 Till l ast 10.07. 1.138,28 possible after the first installment Outstanding receivables ( important for PQ) January contribution due on 29.1. IBAN Betrag paid KKH Kaufm. Krankenkasse DE52 2508 0020 0170 0170 00 13.447,05 EK Barmer DE71 3304 0001 0402 0350 00 1.159,45 ✓ BKK Linde DE91 5107 0021 0010 5205 00 2,268,34 ✓ EK DAK Gesundheit DE47 2005 0550 1280 3000 52 1.151,97 ✓ AOK Hessen DE69 5004 0000 0388 1802 00 1.244,22 ✓ AOK Plus DE67 8604 0000 0200 1501 00 17.743,16 BKK SBK DE73 5084 0005 0138 1466 00 1.125,14 ✓ Viactiv DE16 4301 0111 1173 0068 00 1.262,80 ✓ Ek Techniker KK DE33 1004 0000 0545 4665 00 1.111,98",MEDIUM for table text; LOW as direct C evidence
C-006,Aok plus.eml,00_INBOX - Входящи - Eingang\Accounting\Aok plus.eml,"""Brunettin, Marilie"" <marilie@brunettin.de>",'Martin zahariev' <martin.zahariev@gmail.com>,"Tue, 07 Jan 2025 11:36:43 +0000",AOK PLUS,ARREARS_RESPONSE,NO - accountant summarizes phone call,"Accountant email reports she called AOK Plus and says outstanding claims were 26.604,83 EUR; useful lead but not direct Krankenkasse response.","Hello again, I called the AOK Plus, cause it is written in the letter, that the contribution account has outstanding claims. And the sum is now 26.604,83 €. Marco sent you the following e-mail with the outstanding sums on the 5th of december. The grey ones has sent an Unbedenklichkeitsbescheinigung. Can you please tell me which ones you have not yet paid so that I can enquire about the outstanding amount. They will have increased due to the late fees and reminders. Von: Brunettin, Marco Gesendet: Donnerstag, 5. Dezember 2024 11:17 An: Martin zahariev > Betreff: WG: Remaining health insurances for 09/2024 und 10/2024 So my sister called everywhere. This are 100% the right sums from today: IBAN Zweck Betrag EK Techniker Krankenkasse DE33 1004 0000 0545 4665 00 89878877, Beitrag 10/2024 88,53 KKH Kaufm. Krankenkasse DE52 2508 0020 0170 0170 00 89878877, Beitrag 09+10/2024 28.882,90 Vivida B",MEDIUM as accountant communication; LOW as direct C evidence
