candidate_id,krankenkasse,request_date,response_date,amount,installment_amount,number_of_installments,first_due_date,final_due_date,acceptance_wording,conditions,source_file,source_path,page,exact_relevant_snippet,classification,confirmed_accepted_plan,confidence
E-001,BKK Linde,Unknown,Unknown,"5.477,05 EUR","1.850,00; 1.850,00; 1.777,05 EUR",3 listed,02.02.2025 as written `as of 2.2.`,02.04.2025 as written `2.4.`,Internal table says `Installment agreement as of 2.2.`,Not stated,Contributions.docx,00_INBOX - Входящи - Eingang\Accounting\Contributions.docx,N/A,"Betrag Installment payment request submitted Hauptzollamt Erfurt PQ Zertifikat KKH Kaufm. Krankenkasse 41.544,44 Waiting for Zoll 28.615,10 -310,51 EK Barmer 4.052,18 NO AGREEMENT 4.052,18 BKK Linde 5.477,05 Installment agreement as of 2.2. 1.850,00 2.3. 1.850 ,00 2.4. 1.777,05 EK DAK Gesundheit 6.829,83 Installment agreement As of 10.02. 1.138,31 Till l ast 10.07. 1.138,28 possible after the first installment Outstanding receivables ( important for PQ) January contribution due on 29.1. IBAN Betrag paid KKH Kaufm. Krankenkasse DE52 2508 0020 0170 0170 00 13.447,05 EK Barmer DE71 3304 0001 0402 0350 00 1.159,45 ✓ BKK Linde DE91 5107 0021 0010 5205 00 2,268,34 ✓ EK DAK Gesundheit DE47 2005 0550 1280 3000 52 1.151,97 ✓ AOK Hessen DE69 5004 0000 0388 1802 00 1.244,22 ✓ AOK Plus DE67 8604 0000 0200 1501 00 17.743,16 BKK SBK DE73 5084 0005 0138 1466 00 1.125,14 ✓ Viactiv DE16 4301 0111 1173 0068 00 1.262,80 ✓ Ek Techniker KK DE33 1004 0000 0545 4665 00 1.111,98",PAYMENT_PLAN_DISCUSSION_NOT_CONFIRMED_ACCEPTANCE,NO,MEDIUM for table text; LOW as accepted-plan proof
E-002,DAK Gesundheit,Unknown,Unknown,"6.829,83 EUR","1.138,31 EUR; final 1.138,28 EUR",Not fully clear; table says until 10.07,10.02.2025 as written,10.07.2025 as written,Internal table says `Installment agreement As of 10.02.`,`possible after the first installment` appears in table,Contributions.docx,00_INBOX - Входящи - Eingang\Accounting\Contributions.docx,N/A,"Betrag Installment payment request submitted Hauptzollamt Erfurt PQ Zertifikat KKH Kaufm. Krankenkasse 41.544,44 Waiting for Zoll 28.615,10 -310,51 EK Barmer 4.052,18 NO AGREEMENT 4.052,18 BKK Linde 5.477,05 Installment agreement as of 2.2. 1.850,00 2.3. 1.850 ,00 2.4. 1.777,05 EK DAK Gesundheit 6.829,83 Installment agreement As of 10.02. 1.138,31 Till l ast 10.07. 1.138,28 possible after the first installment Outstanding receivables ( important for PQ) January contribution due on 29.1. IBAN Betrag paid KKH Kaufm. Krankenkasse DE52 2508 0020 0170 0170 00 13.447,05 EK Barmer DE71 3304 0001 0402 0350 00 1.159,45 ✓ BKK Linde DE91 5107 0021 0010 5205 00 2,268,34 ✓ EK DAK Gesundheit DE47 2005 0550 1280 3000 52 1.151,97 ✓ AOK Hessen DE69 5004 0000 0388 1802 00 1.244,22 ✓ AOK Plus DE67 8604 0000 0200 1501 00 17.743,16 BKK SBK DE73 5084 0005 0138 1466 00 1.125,14 ✓ Viactiv DE16 4301 0111 1173 0068 00 1.262,80 ✓ Ek Techniker KK DE33 1004 0000 0545 4665 00 1.111,98",PAYMENT_PLAN_DISCUSSION_NOT_CONFIRMED_ACCEPTANCE,NO,MEDIUM for table text; LOW as accepted-plan proof
E-003,BARMER,20.01.2025,Not found,"4.052,18 EUR","1.013,05 EUR requested",4 requested,03.02.2025 requested,Not stated,None; source is request only and Contributions.docx states `NO AGREEMENT`.,None proven,"89878877, Antrag auf Ratenzahlung.eml / Contributions.docx","00_INBOX - ??????? - Eingang/Accounting/89878877, Antrag auf Ratenzahlung.eml; 00_INBOX - Входящи - Eingang\Accounting\Contributions.docx",N/A,"Request email reviewed in file 33; Contributions table: Betrag Installment payment request submitted Hauptzollamt Erfurt PQ Zertifikat KKH Kaufm. Krankenkasse 41.544,44 Waiting for Zoll 28.615,10 -310,51 EK Barmer 4.052,18 NO AGREEMENT 4.052,18 BKK Linde 5.477,05 Installment agreement as of 2.2. 1.850,00 2.3. 1.850 ,00 2.4. 1.777,05 EK DAK Gesundheit 6.829,83 Installment agreement As of 10.02. 1.138,31 Till l ast 10.07. 1.138,28 possible after the first installment Outstanding receivables ( important for PQ) January contribution due on 29.1. IBAN Betrag paid KKH Kaufm. Krankenkasse DE52 2508 0020 0170 0170 00 13.447,05 EK Barmer DE71 3304 0001 0402 0350 00 1.159,45 ✓ BKK Linde DE91 5107 0021 0010 5205 00 2,268,34 ✓ EK DAK Gesundheit DE47 2005 0550 1280 3000 52 1.151,97 ✓ AOK Hessen DE69 5004 0000 0388 1802 00 1.244,22 ✓ AOK Plus DE67 8604 0000 0200 1501 00 17.743,16 BKK SBK DE73 5084 0005 0138 1466 00 1.125,14 ✓ Viactiv DE16 4301 0111 1173 0068 00 1.262,80 ✓ Ek Techniker KK DE33 1004 0000 0545 4665 00 1.111,98",REQUEST_ONLY_NO_ACCEPTANCE,NO,HIGH request exists; HIGH no acceptance in reviewed evidence
E-004,BKK Linde,Unknown,Unknown,Unknown,Unknown,Unknown,Unknown,Unknown,"Unreadable PDF filename suggests Ratenzahlung, but no text recovered.",Unknown,BKK Linde Ratenzahlung.pdf,00_INBOX - Входящи - Eingang\Accounting\BKK Linde Ratenzahlung.pdf,Unreadable/OCR required,"{
  ""filename"": ""BKK Linde Ratenzahlung.pdf"",
  ""extraction_method"": ""OCR_REQUIRED after PyMuPDF/pypdf/pdfplumber/OCR attempts"",
  ""password_success"": ""NO"",
  ""text_length"": 0,
  ""detected_insurance_name"": ""BKK Linde"",
  ""detected_dates"": [],
  ""detected_amounts"": [],
  ""status"": ""OCR_REQUIRED"",
  ""source_file"": ""00_INBOX - Входящи - Eingang/Accounting_Organized/04_Health_Insurance/BKK Linde Ratenzahlung.pdf"",
  ""technical_errors"": [
    ""PDF OCR failed: tesseract is not installed or it's not in your PATH. See README file for more information.""
  ]
}
",OCR_BLOCKED_NOT_CONFIRMED,NO,LOW
